"Timestamp","1. Gender","2. What is your age ?","3. Current living District","4. Marital status","5. Highest Education Qualification","6. What is your Employment?","7. What is your monthly income range (If you donâ€™t have a job, select NA)?","8. How often do you use the mobile banking service?","9. How many banking mobile app services you are using (in different banks)?","10. What services do you use in banking mobile app? ","11. Rate the benefits of mobile banking service. (On a scale 1 - lowest, 5 - highest)  [24 hour access (anytime can access)]","11. Rate the benefits of mobile banking service. (On a scale 1 - lowest, 5 - highest)  [Time savings(no need to go to bank)]","11. Rate the benefits of mobile banking service. (On a scale 1 - lowest, 5 - highest)  [Cost savings ]","11. Rate the benefits of mobile banking service. (On a scale 1 - lowest, 5 - highest)  [Ease of use]","12. Do you perceive mobile banking as secure","13. Do you think mobile banking service is cheap or expensive than traditional banking?","14. Please rate your overall satisfaction level of mobile banking service.","15. How do you think mobile banking apps can be improved?","16. Do you recommend banking mobile apps for others?"
"2020/11/03 6:25:45 PM GMT+5:30","Female","25-35","Gampaha","Single","Degree / Diploma","Private Sector- Executive","100,000 - 200,000","Weekly several times","1","Money withdrawal;Money deposit;Paying Bills;Money Transaction;Just to check the account balance/status","4","4","3","4","Somewhat","Cheap","Satisfied","Simple user-interfaces;Reduce App loading time;Improve security of transactions","Yes"
"2020/11/03 6:32:22 PM GMT+5:30","Female","25-35","Gampaha","Single","Degree / Diploma","Private Sector- Executive","100,000 - 200,000","Once a month","1","Money withdrawal;Paying Bills","3","3","3","3","Somewhat","Cheap","Satisfied","Simple user-interfaces;Improve security of transactions","Yes"
"2020/11/03 6:37:21 PM GMT+5:30","Male","25-35","Kurunegala","Single","Degree / Diploma","Private Sector - Employee","100,000 - 200,000","Daily Once","2","Money withdrawal;Money deposit;Paying Bills;Money Transaction;Pay loan EMI","4","4","3","3","Very","Cheap","Satisfied","Improve security of transactions","Yes"
"2020/11/03 6:45:37 PM GMT+5:30","Female","25-35","Colombo","Single","Degree / Diploma","Private Sector - Employee","100,000 - 200,000","Weekly Once","3","Paying Bills;Money Transaction","4","3","4","4","Somewhat","Cheap","Satisfied","Simple user-interfaces;Improve security of transactions","Yes"
"2020/11/03 6:47:41 PM GMT+5:30","Female","16-25","Colombo","Single","Degree / Diploma","Government /Public Service","15,000 - 100,000","Once a month","1","Money withdrawal;Paying Bills;Just to check the account balance/status","5","5","4","5","Not at all","Cheap","Satisfied","Improve security of transactions","Yes"
"2020/11/03 6:48:58 PM GMT+5:30","Male","16-25","Hambantota","Single","A/L","Student","Not Applicable","Daily several times","1","Money Transaction;Just to check the account balance/status","3","3","3","3","Somewhat","Cheap","Extremely Satisfied","Reduce App loading time","Yes"
"2020/11/03 6:59:38 PM GMT+5:30","Male","25-35","Galle","Single","Degree / Diploma","Private Sector - Employee","100,000 - 200,000","Weekly several times","2","Paying Bills;Money Transaction;Credit card payment;Just to check the account balance/status;Pay loan EMI","5","4","4","5","Very","Cheap","Extremely Satisfied","Simple user-interfaces;Reduce App loading time;Improve security of transactions","Yes"
"2020/11/03 7:09:16 PM GMT+5:30","Female","25-35","Galle","Single","Degree / Diploma","Private Sector - Employee","15,000 - 100,000","Weekly several times","1","Money withdrawal;Paying Bills;Money Transaction","4","4","4","4","Somewhat","Cheap","Satisfied","Simple user-interfaces;Reduce App loading time","Yes"
"2020/11/03 7:19:19 PM GMT+5:30","Female","25-35","Gampaha","Married","Degree / Diploma","Private Sector - Employee","100,000 - 200,000","Once a month","1","Money deposit","5","5","5","5","Somewhat","Cheap","Satisfied","Simple user-interfaces;Reduce App loading time","Yes"
"2020/11/03 8:39:34 PM GMT+5:30","Male","16-25","Colombo","Single","A/L","Student","Not Applicable","Weekly several times","2","Money withdrawal;Paying Bills;Money Transaction;Credit card payment;Just to check the account balance/status","5","5","5","3","Not at all","Cheap","Satisfied","Simple user-interfaces;Reduce App loading time;Improve security of transactions","Maybe"
"2020/11/03 8:47:11 PM GMT+5:30","Female","16-25","Colombo","Single","A/L","Student","Not Applicable","Every 2-3 months","1","Money deposit;Money Transaction;Just to check the account balance/status","3","3","3","3","Somewhat","Cheap","Neutral","Simple user-interfaces;Reduce App loading time;Add more functionalities","Yes"
"2020/11/03 9:10:39 PM GMT+5:30","Male","16-25","Colombo","Single","Degree / Diploma","Student","15,000 - 100,000","Weekly Once","2","Money withdrawal;Money Transaction","4","4","2","3","Somewhat","Cheap","Satisfied","Add more functionalities","Yes"
"2020/11/03 9:16:20 PM GMT+5:30","Male","16-25","Colombo","Single","Degree / Diploma","Semi government ","Less than 15,000","Every 2-3 months","1","Money withdrawal;Just to check the account balance/status","5","5","4","5","Very","Cheap","Satisfied","Simple user-interfaces;Reduce App loading time;Improve security of transactions;Add more functionalities","Yes"
"2020/11/03 9:22:39 PM GMT+5:30","Male","16-25","Kalutara","Single","Degree / Diploma","Student","Not Applicable","Once a month","1","Money withdrawal;Paying Bills;Money Transaction","5","5","4","4","Somewhat","Cheap","Satisfied","Improve security of transactions;Add more functionalities","Yes"
"2020/11/03 9:23:48 PM GMT+5:30","Male","16-25","Kegalle","Single","Degree / Diploma","Student","Not Applicable","Once a month","1","Money deposit;Money Transaction","5","5","5","5","Somewhat","Expensive","Satisfied","Simple user-interfaces;Improve security of transactions;Add more functionalities","Yes"
"2020/11/03 9:24:26 PM GMT+5:30","Male","16-25","Kalutara","Single","Degree / Diploma","Student","15,000 - 100,000","Weekly several times","2","Paying Bills;Just to check the account balance/status","3","3","3","2","Somewhat","Expensive","Neutral","Simple user-interfaces","Maybe"
"2020/11/03 9:25:38 PM GMT+5:30","Female","16-25","Gampaha","Single","Degree / Diploma","Student","Not Applicable","Every 2-3 months","1","Money withdrawal;Money deposit;Paying Bills;Money Transaction","1","3","5","5","Very","Cheap","Neutral","Simple user-interfaces;Reduce App loading time","Yes"
"2020/11/03 9:29:36 PM GMT+5:30","Female","16-25","Kalutara","Single","A/L","Student","Less than 15,000","Once a month","1","Just to check the account balance/status","2","4","4","4","Somewhat","Cheap","Satisfied","Reduce App loading time;Improve security of transactions;Add more functionalities","Yes"
"2020/11/03 9:30:12 PM GMT+5:30","Female","25-35","Kalutara","Single","Degree / Diploma","Student","Not Applicable","Once a month","1","Money Transaction;Just to check the account balance/status","4","4","4","4","Very","Cheap","Satisfied","Reduce App loading time;Add more functionalities","Yes"
"2020/11/03 9:47:51 PM GMT+5:30","Male","25-35","Kalutara","Single","Degree / Diploma","Private Sector- Executive","More than 200,000","Weekly several times","3","Paying Bills;Money Transaction;Credit card payment;Just to check the account balance/status","4","5","3","4","Somewhat","Expensive","Satisfied","Simple user-interfaces;Reduce App loading time;Improve security of transactions","Yes"
"2020/11/03 9:48:03 PM GMT+5:30","Male","16-25","Colombo","Single","Degree / Diploma","Student","Not Applicable","Every 2-3 months","1","Paying Bills","1","3","2","2","Very","Cheap","Dissatisfied","Simple user-interfaces","Yes"
"2020/11/03 9:52:09 PM GMT+5:30","Male","25-35","Ratnapura","Single","Masters / PHD","Private Sector - Employee","15,000 - 100,000","Weekly several times","1","Paying Bills;Money Transaction;Credit card payment","5","5","4","4","Somewhat","Cheap","Satisfied","Simple user-interfaces","Yes"
"2020/11/03 9:56:39 PM GMT+5:30","Male","25-35","Gampaha","Single","Degree / Diploma","Student","Not Applicable","Weekly several times","1","Paying Bills;Money Transaction;Just to check the account balance/status","4","5","5","5","Very","Cheap","Extremely Satisfied","Reduce App loading time;Improve security of transactions","Yes"
"2020/11/03 9:58:03 PM GMT+5:30","Female","25-35","Colombo","Married","Degree / Diploma","Government /Public Service","15,000 - 100,000","Weekly several times","1","Paying Bills;Credit card payment;Just to check the account balance/status","4","4","3","4","Somewhat","Expensive","Satisfied","Simple user-interfaces;Reduce App loading time;Improve security of transactions;Add more functionalities","Maybe"
"2020/11/03 9:58:52 PM GMT+5:30","Female","25-35","Colombo","Single","Degree / Diploma","Private Sector - Employee","15,000 - 100,000","Weekly several times","1","Money withdrawal;Paying Bills;Money Transaction;Credit card payment","4","5","5","5","Very","Cheap","Extremely Satisfied","Reduce App loading time;Improve security of transactions;Add more functionalities","Yes"
"2020/11/03 9:59:50 PM GMT+5:30","Female","35-45","Kalutara","Married","Degree / Diploma","Government /Public Service","15,000 - 100,000","Every 2-3 months","1","Money deposit","3","4","4","4","Somewhat","Cheap","Satisfied","Add more functionalities","Yes"
"2020/11/03 10:03:43 PM GMT+5:30","Female","16-25","Kalutara","Single","A/L","Student","Less than 15,000","Once a month","1","Money deposit;Paying Bills;Money Transaction;Just to check the account balance/status","4","4","4","3","Somewhat","Cheap","Satisfied","Simple user-interfaces;Reduce App loading time;Improve security of transactions","Yes"
"2020/11/03 10:15:01 PM GMT+5:30","Female","16-25","Gampaha","Single","Degree / Diploma","Student","Not Applicable","Once a month","1","Paying Bills;Money Transaction","5","5","4","5","Somewhat","Expensive","Satisfied","Improve security of transactions","Yes"
"2020/11/03 10:37:04 PM GMT+5:30","Male","45-60","Gampaha","Married","Degree / Diploma","Government /Public Service","100,000 - 200,000","Daily several times","1","Money withdrawal;Money deposit;Paying Bills;Money Transaction;Credit card payment;Just to check the account balance/status;Pay loan EMI","5","5","4","5","Very","Expensive","Satisfied","Simple user-interfaces;Reduce App loading time;Improve security of transactions;Add more functionalities","Yes"
"2020/11/03 10:42:57 PM GMT+5:30","Female","35-45","Colombo","Married","Degree / Diploma","Government /Public Service","15,000 - 100,000","Weekly several times","1","Just to check the account balance/status","3","3","3","3","Somewhat","Cheap","Satisfied","Add more functionalities","Yes"
"2020/11/03 10:47:17 PM GMT+5:30","Female","16-25","Colombo","Single","A/L","Student","Not Applicable","Weekly several times","1","Money withdrawal;Paying Bills;Money Transaction","4","4","4","4","Very","Cheap","Extremely Satisfied","Improve security of transactions;Add more functionalities","Yes"
"2020/11/03 11:19:11 PM GMT+5:30","Male","25-35","Kalutara","Single","Degree / Diploma","Private Sector - Employee","100,000 - 200,000","Weekly several times","4 or more","Paying Bills;Money Transaction;Credit card payment;Just to check the account balance/status","5","5","4","5","Somewhat","Cheap","Satisfied","Simple user-interfaces;Reduce App loading time","Yes"
"2020/11/03 11:27:47 PM GMT+5:30","Female","25-35","Colombo","Married","Degree / Diploma","Private Sector - Employee","15,000 - 100,000","Once a month","2","Paying Bills;Money Transaction;Credit card payment;Just to check the account balance/status","4","4","3","4","Very","Cheap","Satisfied","Simple user-interfaces","Yes"
"2020/11/03 11:55:25 PM GMT+5:30","Female","25-35","Gampaha","Married","Degree / Diploma","Government /Public Service","15,000 - 100,000","Weekly Once","1","Paying Bills;Just to check the account balance/status","4","4","4","4","Somewhat","Cheap","Extremely Satisfied","Simple user-interfaces;Reduce App loading time","Yes"
"2020/11/04 5:43:12 AM GMT+5:30","Female","25-35","Colombo","Single","Degree / Diploma","Student","Not Applicable","Daily Once","2","Money withdrawal;Paying Bills;Money Transaction;Credit card payment;Just to check the account balance/status","5","5","5","5","Very","Cheap","Satisfied","Simple user-interfaces;Reduce App loading time;Improve security of transactions;Add more functionalities","Yes"
"2020/11/04 7:13:06 AM GMT+5:30","Female","16-25","Galle","Single","Degree / Diploma","Student","Not Applicable","Once a month","1","Just to check the account balance/status","5","5","4","4","Somewhat","Cheap","Satisfied","Simple user-interfaces","Yes"
"2020/11/04 8:09:33 AM GMT+5:30","Male","16-25","Kurunegala","Single","A/L","Student","Not Applicable","Weekly Once","2","Money withdrawal;Money deposit;Paying Bills;Money Transaction","5","5","5","5","Somewhat","Cheap","Satisfied","Add more functionalities","Yes"
"2020/11/04 3:50:56 PM GMT+5:30","Female","25-35","Colombo","Single","Degree / Diploma","Private Sector- Executive","15,000 - 100,000","Weekly several times","2","Money withdrawal;Money deposit;Paying Bills;Money Transaction;Just to check the account balance/status;Pay loan EMI","5","5","4","5","Somewhat","Cheap","Satisfied","Improve security of transactions","Yes"
"2020/11/04 4:29:47 PM GMT+5:30","Female","25-35","Colombo","Single","Degree / Diploma","Private Sector - Employee","15,000 - 100,000","Weekly several times","2","Money deposit;Paying Bills;Money Transaction;Credit card payment;Just to check the account balance/status","5","5","4","4","Somewhat","Cheap","Satisfied","Improve security of transactions;Add more functionalities","Yes"
"2020/11/04 5:34:07 PM GMT+5:30","Female","25-35","Gampaha","Married","Degree / Diploma","Government /Public Service","15,000 - 100,000","Weekly Once","1","Paying Bills;Just to check the account balance/status","4","4","4","4","Somewhat","Cheap","Extremely Satisfied","Simple user-interfaces;Reduce App loading time","Yes"
"2020/11/04 9:14:15 PM GMT+5:30","Male","16-25","Galle","Single","Degree / Diploma","Student","Not Applicable","Daily Once","2","Money withdrawal;Money deposit;Paying Bills;Money Transaction;Credit card payment;Just to check the account balance/status","5","5","5","5","Somewhat","Cheap","Satisfied","Simple user-interfaces;Reduce App loading time;Improve security of transactions;Add more functionalities","Yes"
"2020/11/06 10:48:20 AM GMT+5:30","Female","25-35","Colombo","Married","Masters / PHD","Private Sector - Employee","Not Applicable","Weekly Once","4 or more","Paying Bills;Money Transaction;Just to check the account balance/status","5","5","3","5","Somewhat","Expensive","Satisfied","Simple user-interfaces;Reduce App loading time;Improve security of transactions;Add more functionalities","Yes"
"2020/11/21 11:36:49 AM GMT+5:30","Male","25-35","Kalutara","Single","Degree / Diploma","Student","Not Applicable","Weekly several times","2","Online transactions;Paying Bills;Money Transaction (Third party);Just to check the account balance/status","5","5","5","4","Very","Cheap","Satisfied","Simple user-interfaces;Reduce App loading time;Add more functionalities","Yes"
"2020/11/21 11:40:09 AM GMT+5:30","Male","25-35","Polonnaruwa","Single","Degree / Diploma","Private Sector - Employee","15,000 - 100,000","Weekly several times","1","Online transactions;Paying Bills;Money Transaction (Third party);Just to check the account balance/status","5","5","3","4","Somewhat","Cheap","Satisfied","Simple user-interfaces;Add more functionalities","Yes"
"2020/11/21 12:23:46 PM GMT+5:30","Female","16-25","Kegalle","Single","Degree / Diploma","Private Sector - Employee","100,000 - 200,000","Weekly several times","1","Online transactions;Paying Bills;Money Transaction (Third party);Just to check the account balance/status","5","5","5","5","Very","Expensive","Extremely Satisfied","Simple user-interfaces;Reduce App loading time;Improve security of transactions;Add more functionalities","Yes"
"2020/11/21 12:25:36 PM GMT+5:30","Female","16-25","Badulla","Single","Degree / Diploma","Private Sector - Employee","15,000 - 100,000","Weekly several times","1","Online transactions;Paying Bills;Money Transaction (Third party)","3","5","4","4","Very","Cheap","Satisfied","Reduce App loading time","Yes"
"2020/11/21 12:31:38 PM GMT+5:30","Female","16-25","Gampaha","Single","Degree / Diploma","Student","Less than 15,000","Once a month","2","Online transactions;Paying Bills;Just to check the account balance/status","5","5","4","4","Somewhat","Expensive","Satisfied","Simple user-interfaces;Reduce App loading time;Improve security of transactions;Add more functionalities","Yes"
"2020/11/21 12:38:45 PM GMT+5:30","Male","16-25","Gampaha","Single","Degree / Diploma","Private Sector - Employee","15,000 - 100,000","Weekly several times","2","Online transactions;Paying Bills;Money Transaction (Third party);Just to check the account balance/status","5","5","4","4","Very","Cheap","Satisfied","Simple user-interfaces;Reduce App loading time;Improve security of transactions","Yes"
"2020/11/21 1:56:09 PM GMT+5:30","Female","25-35","Colombo","Single","Degree / Diploma","Private Sector - Employee","100,000 - 200,000","Weekly Once","3","Online transactions;Paying Bills;Money Transaction (Third party);Just to check the account balance/status","4","4","4","4","Very","Cheap","Satisfied","Simple user-interfaces;Reduce App loading time","Yes"
"2020/11/21 2:38:39 PM GMT+5:30","Male","25-35","Kalutara","Single","Degree / Diploma","Private Sector- Executive","100,000 - 200,000","Daily several times","3","Online transactions;Paying Bills;Money Transaction (Third party);Credit card payment","5","5","5","5","Somewhat","Cheap","Satisfied","Simple user-interfaces;Reduce App loading time;Improve security of transactions;Add more functionalities","Yes"
"2020/11/21 3:18:00 PM GMT+5:30","Male","16-25","Hambantota","Single","A/L","Student","Not Applicable","Weekly Once","2","Money Transaction (Third party)","2","3","2","2","Somewhat","Expensive","Satisfied","Improve security of transactions","Yes"
"2020/11/21 3:19:16 PM GMT+5:30","Female","16-25","Gampaha","Single","Degree / Diploma","Private Sector- Executive","100,000 - 200,000","Weekly several times","1","Online transactions;Paying Bills;Money Transaction (Third party);Just to check the account balance/status","5","5","4","4","Somewhat","Cheap","Satisfied","Simple user-interfaces;Reduce App loading time;Improve security of transactions","Yes"
"2020/11/21 3:22:28 PM GMT+5:30","Male","16-25","Gampaha","Single","A/L","Private Sector - Employee","15,000 - 100,000","Weekly Once","2","Online transactions;Paying Bills;Just to check the account balance/status","5","5","5","5","Very","Cheap","Satisfied","Simple user-interfaces;Improve security of transactions;Add more functionalities","Yes"
"2020/11/21 3:49:30 PM GMT+5:30","Male","25-35","Kalutara","Single","Degree / Diploma","Student","Less than 15,000","Daily several times","2","Online transactions;Paying Bills;Money Transaction (Third party);Credit card payment;Just to check the account balance/status","5","5","5","5","Not secure","Cheap","Satisfied","Add more functionalities","Yes"
"2020/11/21 3:50:59 PM GMT+5:30","Female","16-25","Colombo","Single","A/L","Student","Not Applicable","Every 2-3 months","3","Online transactions;Money Transaction (Third party);Just to check the account balance/status","5","5","5","5","Very","Cheap","Extremely Satisfied","Simple user-interfaces;Reduce App loading time;Improve security of transactions;Add more functionalities","Yes"
"2020/11/21 3:53:19 PM GMT+5:30","Female","45-60","Gampaha","Married","Degree / Diploma","Government /Public Service","15,000 - 100,000","Once a month","2","Online transactions;Paying Bills;Credit card payment","5","5","3","4","Somewhat","Cheap","Satisfied","Simple user-interfaces;Add more functionalities","Yes"
"2020/11/21 4:06:04 PM GMT+5:30","Female","25-35","Kegalle","Single","Degree / Diploma","Government /Public Service","15,000 - 100,000","Weekly several times","2","Online transactions;Paying Bills;Money Transaction (Third party)","5","5","5","5","Somewhat","Cheap","Satisfied","Simple user-interfaces;Reduce App loading time","Yes"
"2020/11/21 7:21:31 PM GMT+5:30","Male","25-35","Colombo","Single","Degree / Diploma","Private Sector - Employee","100,000 - 200,000","Weekly several times","2","Online transactions;Paying Bills;Money Transaction (Third party);Just to check the account balance/status","4","4","4","4","Very","Cheap","Satisfied","Simple user-interfaces;Reduce App loading time;Improve security of transactions;Add more functionalities","Yes"
"2020/11/21 7:51:50 PM GMT+5:30","Male","25-35","Gampaha","Single","Degree / Diploma","Government /Public Service","15,000 - 100,000","Weekly Once","2","Online transactions;Money Transaction (Third party)","5","5","5","5","Somewhat","Cheap","Satisfied","Simple user-interfaces;Improve security of transactions","Yes"
"2020/11/21 8:22:08 PM GMT+5:30","Female","45-60","Colombo","Married","Degree / Diploma","Government /Public Service","15,000 - 100,000","Weekly Once","1","Paying Bills;Just to check the account balance/status","5","5","4","5","Very","Cheap","Satisfied","Simple user-interfaces;Add more functionalities","Yes"
"2020/11/21 8:25:31 PM GMT+5:30","Female","16-25","Colombo","Single","Degree / Diploma","Student","Not Applicable","Daily Once","1","Online transactions;Paying Bills;Money Transaction (Third party)","4","4","2","4","Very","Cheap","Satisfied","Simple user-interfaces;Improve security of transactions","Yes"
"2020/11/21 8:53:25 PM GMT+5:30","Male","16-25","Colombo","Single","Degree / Diploma","Student","Not Applicable","Once a month","1","Paying Bills;Credit card payment","4","4","4","4","Somewhat","Expensive","Neutral","Simple user-interfaces;Reduce App loading time;Improve security of transactions;Add more functionalities","Maybe"
"2020/11/21 9:24:20 PM GMT+5:30","Male","16-25","Gampaha","Single","Degree / Diploma","Student","Not Applicable","Weekly Once","1","Paying Bills","3","5","5","5","Not at all","Cheap","Neutral","Simple user-interfaces;Improve security of transactions","Yes"
"2020/11/21 9:27:50 PM GMT+5:30","Male","35-45","Nuwara Eliya","Married","Degree / Diploma","Government /Public Service","15,000 - 100,000","Weekly Once","1","Paying Bills;Credit card payment;Just to check the account balance/status","4","5","4","4","Very","Cheap","Satisfied","Simple user-interfaces","Yes"
"2020/11/21 9:39:57 PM GMT+5:30","Male","25-35","Badulla","Single","Degree / Diploma","Private Sector - Employee","100,000 - 200,000","Every 2-3 months","1","Online transactions","5","5","4","3","Somewhat","Expensive","Neutral","Simple user-interfaces;Improve security of transactions;Add more functionalities","Yes"
"2020/11/21 9:41:59 PM GMT+5:30","Female","25-35","Kurunegala","Single","Degree / Diploma","Government /Public Service","15,000 - 100,000","Daily several times","1","Online transactions;Paying Bills;Money Transaction (Third party);Just to check the account balance/status","5","5","4","5","Very","Cheap","Extremely Satisfied","Simple user-interfaces;Reduce App loading time;Improve security of transactions;Add more functionalities","Yes"
"2020/11/21 9:43:41 PM GMT+5:30","Female","45-60","Colombo","Married","A/L","Government /Public Service","15,000 - 100,000","Once a month","2","Paying Bills;Credit card payment;Just to check the account balance/status","5","5","4","5","Not at all","Cheap","Satisfied","Improve security of transactions","Yes"
"2020/11/21 9:43:43 PM GMT+5:30","Male","25-35","Colombo","Single","Degree / Diploma","Private Sector - Employee","100,000 - 200,000","Weekly several times","3","Online transactions;Just to check the account balance/status","5","5","2","3","Somewhat","Expensive","Neutral","Simple user-interfaces;Reduce App loading time;Improve security of transactions","Maybe"
"2020/11/21 9:46:49 PM GMT+5:30","Male","45-60","Colombo","Married","A/L","Family Business / Self Employed","15,000 - 100,000","Once a month","3","Paying Bills;Credit card payment;Just to check the account balance/status","5","5","4","5","Not at all","Cheap","Satisfied","Improve security of transactions;Add more functionalities","Yes"
"2020/11/21 10:03:53 PM GMT+5:30","Female","16-25","Gampaha","Single","Degree / Diploma","Student","Not Applicable","Once a month","1","Paying Bills","5","5","3","4","Very","Cheap","Satisfied","Simple user-interfaces;Reduce App loading time;Improve security of transactions;Add more functionalities","Yes"
"2020/11/21 10:07:19 PM GMT+5:30","Male","16-25","Gampaha","Single","A/L","Student","Not Applicable","Once a month","1","Money Transaction (Third party)","4","4","2","4","Very","Cheap","Satisfied","Reduce App loading time","Yes"
"2020/11/21 10:07:33 PM GMT+5:30","Female","16-25","Kegalle","Single","Degree / Diploma","Student","Not Applicable","Daily Once","1","Online transactions;Paying Bills;Money Transaction (Third party)","5","5","5","5","Very","Expensive","Satisfied","Improve security of transactions","Yes"
"2020/11/21 10:18:25 PM GMT+5:30","Female","16-25","Kalutara","Single","A/L","Student","Less than 15,000","Once a month","1","Online transactions;Paying Bills;Money Transaction (Third party);Just to check the account balance/status","5","5","4","5","Very","Cheap","Extremely Satisfied","Simple user-interfaces;Reduce App loading time;Improve security of transactions;Add more functionalities","Yes"
"2020/11/21 10:23:11 PM GMT+5:30","Female","16-25","Colombo","Single","Degree / Diploma","Student","Not Applicable","Every 2-3 months","2","Online transactions","5","5","5","5","Very","Expensive","Satisfied","Reduce App loading time","Yes"
"2020/11/21 10:36:45 PM GMT+5:30","Female","25-35","Colombo","Single","Masters / PHD","Government /Public Service","15,000 - 100,000","Once a month","2","Online transactions;Paying Bills;Money Transaction (Third party);Credit card payment;Just to check the account balance/status","5","5","4","4","Very","Cheap","Satisfied","Simple user-interfaces;Reduce App loading time;Improve security of transactions","Yes"
"2020/11/22 7:17:30 AM GMT+5:30","Male","Above 60","Gampaha","Married","Degree / Diploma","Pensionier","100,000 - 200,000","Weekly several times","1","Online transactions;Paying Bills;Money Transaction (Third party);Credit card payment","3","3","3","3","Very","Cheap","Extremely Satisfied","Simple user-interfaces","Yes"
"2020/11/22 9:51:01 AM GMT+5:30","Female","16-25","Kegalle","Single","Degree / Diploma","Student","Not Applicable","Weekly several times","1","Online transactions;Paying Bills;Money Transaction (Third party);Credit card payment;Just to check the account balance/status","4","4","4","3","Somewhat","Cheap","Satisfied","Simple user-interfaces;Reduce App loading time;Improve security of transactions;Add more functionalities","Yes"
"2020/11/22 12:01:22 PM GMT+5:30","Male","25-35","Badulla","Single","Degree / Diploma","Private Sector - Employee","15,000 - 100,000","Weekly several times","2","Online transactions;Paying Bills","5","5","4","4","Very","Cheap","Satisfied","Simple user-interfaces;Improve security of transactions","Maybe"
"2020/11/22 1:46:35 PM GMT+5:30","Female","25-35","Gampaha","Single","A/L","Government /Public Service","15,000 - 100,000","Every 2-3 months","2","Online transactions;Paying Bills;Money Transaction (Third party);Just to check the account balance/status","4","4","4","4","Somewhat","Expensive","Satisfied","Simple user-interfaces;Reduce App loading time","Yes"
"2020/11/22 2:07:55 PM GMT+5:30","Female","16-25","Colombo","Single","A/L","Unemployed","Less than 15,000","Once a month","1","Online transactions;Paying Bills;Money Transaction (Third party);Just to check the account balance/status","5","5","4","5","Somewhat","Cheap","Satisfied","Simple user-interfaces;Reduce App loading time;Improve security of transactions;Add more functionalities","Yes"
"2020/11/22 2:27:43 PM GMT+5:30","Female","25-35","Gampaha","Single","A/L","Government /Public Service","15,000 - 100,000","Every 2-3 months","2","Online transactions;Paying Bills;Money Transaction (Third party);Just to check the account balance/status","4","4","4","4","Somewhat","Expensive","Satisfied","Simple user-interfaces;Reduce App loading time","Yes"
"2020/11/22 2:28:08 PM GMT+5:30","Female","16-25","Gampaha","Single","Degree / Diploma","Private Sector - Employee","15,000 - 100,000","Weekly Once","3","Online transactions;Paying Bills;Money Transaction (Third party);Just to check the account balance/status","5","5","5","5","Somewhat","Expensive","Extremely Satisfied","Simple user-interfaces;Reduce App loading time","Yes"
"2020/11/22 3:19:05 PM GMT+5:30","Male","25-35","Puttalam","Single","Degree / Diploma","Private Sector - Employee","15,000 - 100,000","Weekly several times","1","Online transactions;Paying Bills;Money Transaction (Third party);Just to check the account balance/status","4","4","2","3","Somewhat","Cheap","Satisfied","Simple user-interfaces;Reduce App loading time","Yes"
"2020/11/22 4:03:14 PM GMT+5:30","Male","25-35","Kalutara","Single","Degree / Diploma","Private Sector - Employee","15,000 - 100,000","Weekly several times","2","Online transactions;Paying Bills;Money Transaction (Third party);Just to check the account balance/status","4","4","4","4","Very","Expensive","Satisfied","Simple user-interfaces","Yes"
"2020/11/22 4:27:48 PM GMT+5:30","Female","25-35","Gampaha","Single","Masters / PHD","Student","Not Applicable","Every 2-3 months","1","Online transactions","5","5","3","5","Somewhat","Cheap","Neutral","Improve security of transactions","Yes"
"2020/11/22 5:14:58 PM GMT+5:30","Female","16-25","Colombo","Single","A/L","Unemployed","Less than 15,000","Once a month","1","Online transactions;Paying Bills;Money Transaction (Third party);Just to check the account balance/status","5","5","4","5","Somewhat","Cheap","Satisfied","Simple user-interfaces;Reduce App loading time;Improve security of transactions;Add more functionalities","Yes"
"2020/11/22 6:37:04 PM GMT+5:30","Prefer not to say","35-45","Colombo","Single","Degree / Diploma","Private Sector- Executive","15,000 - 100,000","Weekly several times","2","Online transactions;Paying Bills;Credit card payment","2","2","3","4","Somewhat","Cheap","Neutral","Simple user-interfaces;Improve security of transactions","Yes"
"2020/11/22 6:38:52 PM GMT+5:30","Female","16-25","Gampaha","Single","A/L","Unemployed","Less than 15,000","Every 2-3 months","1","Online transactions","3","3","3","3","Somewhat","Cheap","Neutral","Simple user-interfaces","Yes"
"2020/11/22 6:39:53 PM GMT+5:30","Female","25-35","Kalutara","Single","A/L","Private Sector - Employee","15,000 - 100,000","Weekly several times","2","Online transactions;Paying Bills","4","4","4","3","Somewhat","Cheap","Neutral","Simple user-interfaces;Reduce App loading time","Yes"
"2020/11/22 6:40:52 PM GMT+5:30","Male","35-45","Galle","Married","A/L","Private Sector - Employee","15,000 - 100,000","Once a month","2","Online transactions;Money Transaction (Third party);Just to check the account balance/status","3","3","3","2","Somewhat","Expensive","Neutral","Simple user-interfaces;Reduce App loading time;Improve security of transactions;Add more functionalities","Yes"
"2020/11/22 6:41:57 PM GMT+5:30","Female","45-60","Badulla","Married","Secondary (upto O/L)","Housewife","Less than 15,000","Every 2-3 months","1","Just to check the account balance/status","3","3","3","3","Somewhat","Cheap","Neutral","Simple user-interfaces","Yes"
"2020/11/22 6:43:04 PM GMT+5:30","Female","35-45","Kandy","Married","A/L","Government /Public Service","15,000 - 100,000","Weekly Once","1","Online transactions;Paying Bills;Just to check the account balance/status","3","3","3","3","Very","Cheap","Satisfied","Simple user-interfaces;Improve security of transactions;Add more functionalities","Yes"
"2020/11/22 6:44:06 PM GMT+5:30","Prefer not to say","35-45","Colombo","Single","Degree / Diploma","Private Sector- Executive","100,000 - 200,000","Daily several times","3","Online transactions;Paying Bills;Money Transaction (Third party);Credit card payment;Pay loan EMI","3","3","2","3","Somewhat","Expensive","Neutral","Simple user-interfaces;Improve security of transactions","Yes"
"2020/11/22 6:47:37 PM GMT+5:30","Male","25-35","Gampaha","Married","Degree / Diploma","Government /Public Service","Less than 15,000","Weekly several times","2","Online transactions;Credit card payment","3","2","3","4","Somewhat","Cheap","Extremely dissatisfied","Simple user-interfaces;Improve security of transactions","Yes"
"2020/11/22 7:01:58 PM GMT+5:30","Male","25-35","Gampaha","Married","Degree / Diploma","Government /Public Service","Less than 15,000","Weekly several times","2","Online transactions;Credit card payment","3","2","3","4","Somewhat","Cheap","Extremely dissatisfied","Simple user-interfaces;Improve security of transactions","Yes"
"2020/11/22 7:06:16 PM GMT+5:30","Male","16-25","Galle","Single","Degree / Diploma","Student","Not Applicable","Weekly Once","1","Just to check the account balance/status","4","3","5","5","Somewhat","Expensive","Satisfied","Simple user-interfaces;Add more functionalities","Yes"
"2020/11/22 7:07:21 PM GMT+5:30","Male","45-60","Kalutara","Married","Degree / Diploma","Pensionier","15,000 - 100,000","Once a month","1","Paying Bills;Just to check the account balance/status","3","3","3","4","Somewhat","Cheap","Neutral","Simple user-interfaces;Improve security of transactions","Yes"
"2020/11/22 7:08:46 PM GMT+5:30","Female","Above 60","Kandy","Married","Secondary (upto O/L)","Housewife","Not Applicable","Every 2-3 months","1","Just to check the account balance/status","4","3","4","4","Somewhat","Expensive","Neutral","Simple user-interfaces;Reduce App loading time","Yes"
"2020/11/22 7:13:19 PM GMT+5:30","Male","25-35","Kegalle","Married","A/L","Housewife","15,000 - 100,000","Once a month","1","Online transactions;Just to check the account balance/status","3","3","4","4","Somewhat","Cheap","Neutral","Simple user-interfaces;Improve security of transactions","Yes"
"2020/11/22 7:14:24 PM GMT+5:30","Male","16-25","Gampaha","Married","Secondary (upto O/L)","Housewife","Not Applicable","Daily Once","1","Just to check the account balance/status","4","3","4","4","Somewhat","Cheap","Neutral","Simple user-interfaces;Improve security of transactions","Yes"
"2020/11/22 7:56:05 PM GMT+5:30","Male","16-25","Gampaha","Married","Secondary (upto O/L)","Housewife","Not Applicable","Daily Once","1","Just to check the account balance/status","4","3","4","4","Somewhat","Cheap","Neutral","Simple user-interfaces;Improve security of transactions","Yes"
"2020/11/22 7:56:41 PM GMT+5:30","Female","16-25","Galle","Single","Degree / Diploma","Student","Not Applicable","Once a month","1","Credit card payment;Just to check the account balance/status","4","3","2","3","Not at all","Expensive","Extremely Satisfied","Simple user-interfaces","Yes"
"2020/11/23 9:17:33 PM GMT+5:30","Female","16-25","Colombo","Single","A/L","Unemployed","Less than 15,000","Once a month","1","Online transactions;Paying Bills;Money Transaction (Third party);Just to check the account balance/status","5","5","4","5","Somewhat","Cheap","Satisfied","Simple user-interfaces;Reduce App loading time;Improve security of transactions;Add more functionalities","Yes"